,play_time,play_duration,hash_watcher_id,title,end_time
0,2020-02-01,58725,fffb7ca68d6273881b835e7c0915858d1a7bf05c15935c0fccb985927de1a95f,ã€FULLMOVIEã€‘Watch>> Good Boys Films!2019ã€DOWNLOADã€‘,2020-02-02T16:59:45.000Z
1,2020-02-02,121320,fffe1310a4c7d90ee2dd27485f2dd3d300ffbffc3ea572474baf5d5cddea3fa8,â˜·O1Oâ†”6794â†”8O90â˜·ë•ì •ì¶œì¥ì•ˆë§ˆâ˜ë§¤ë‹ˆì ¸ëŒ€ê¸°ä¸­â˜œì†¡ì¶”ì¶œì¥ë§ˆì‚¬ì§€â˜’ï¼¡ecì˜¤í”ˆâ˜’ë•ì •ë™ì¶œì¥ì•ˆë§ˆï¿¢â€‹ëª©ê±¸ì´ï¿¢ì¥í¥ì¶œì¥ë§ˆì‚¬ì§€â†–â„–.1ì†¡ì¶”ì¶œì¥ì—…ì†Œï½ëŒ€ë°•Â§,2020-02-03T16:48:07.000Z
2,2020-02-03,63210,fffcfa9d12d96f5c4f04f83498f8e3104047d8ea25d98f33ffab879ad53ed6a5,ã€MVã€‘AKB48 - Single 43rd - LALALA Message (Full ver.),2020-02-04T16:31:51.000Z
3,2020-02-04,86310,fffe5db23bc89334e110346191b1f2b38aaa670ee56f890dc4545a266769c9fb,xXx- Return of Xander Cage - Trailer #1 - United International Pictures Indonesia,2020-02-05T16:59:34.000Z
4,2020-02-05,73920,fffe17b0af8d9e6d89884eb3ef3922ebf4fea656dd4b28d10de708f228903aca,â˜†[Midway]â˜† Full Movie 2019 *Iconic Battle*,2020-02-06T16:59:06.000Z
5,2020-02-06,56985,fffda6c708ebce479abbff8405a2a3b13115b89fa54ea7c439ee1ec14e013822,Û©Peter Rabbit 2: The Runaway â˜… 2020 â˜… Full MovieÛ©,2020-02-07T16:59:48.000Z
6,2020-02-07,69870,ffff5fddab39ccc326dfb04bb5d0bfdfacd5f6578bc08634cd4698ac91c704c3,"wik wik wik,ah ah ah,ih ih...ih.. Viral 2018",2020-02-08T16:21:06.000Z
7,2020-02-08,84690,fffc273b4e917bf90a48b3adcd17c8b9959b789990cc741fdb2e8d3317b0ca9c,ã€ M i d w a y ã€‘- Pelicula ( completa24 ) 2019 REPELIS!! Sub.Espanol GRATIS!,2020-02-09T16:59:45.000Z
8,2020-02-09,72525,fffdace73dbf78915e5bcbe404f2035853540267f0682232205ff4cb0d687899,ğ—ªğ—®ğ—§ğ—°ğ—› A Quiet Place (2018) fuLL MOViE oNLiNE frEE DoWNLoaD toRRent,2020-02-10T16:30:16.000Z
9,2020-02-10,79245,fffeaa8e024ca89849a03f01f503928906d1f339bcc7bad31c396c0842e5e0d1,â€˜1917â€™ Diunggulkan Sebagai Film Terbaik Oscar,2020-02-11T16:59:27.000Z
10,2020-02-11,62160,fffebe21f02bb4acbe1dd64f1cc848dd317dedd98212e6dee786b3267f54d4c6,ğ—ªğ—®ğ—§ğ—°ğ—› A Quiet Place (2018) fuLL MOViE oNLiNE frEE DoWNLoaD toRRent,2020-02-12T16:59:48.000Z
11,2020-02-12,58620,ffffc1799d94a505ecadd124f670e952186cf489e08e90c199c54a43ec79e4c1,ã€(Ip Man 4: The Finale)ã€‘ @2019 Official Original Movie,2020-02-13T16:53:16.000Z
12,2020-02-13,135075,ffffc1799d94a505ecadd124f670e952186cf489e08e90c199c54a43ec79e4c1,{FREE_DOWNLOAD} Bad Boys for Life [2020] Hd~ï¼¦ï¼µï¼¬ï¼¬ ï¼­ï¼¯ï¼¶ï¼©ï¼¥,2020-02-14T16:59:44.000Z
13,2020-02-14,80280,ffff9bcf3e7a024b93e1df1f60860fa15ddede7a394a54df6cb603ac805e587b,ã€HD`DOWNLOADã€‘CHARLIES ANGELS Full Movie |1080pHD| free download,2020-02-15T16:59:59.000Z
14,2020-02-15,63840,fffb157c88b59e4150822ae01a9d7a4114568385d2ab1d7ba7b1dd737e217e90,ğ—ªğ—®ğ—§ğ—°ğ—› A Quiet Place (2018) fuLL MOViE oNLiNE frEE DoWNLoaD toRRent,2020-02-16T16:59:53.000Z
15,2020-02-16,48945,fffe5db23bc89334e110346191b1f2b38aaa670ee56f890dc4545a266769c9fb,ã€HD`DOWNLOADã€‘CHARLIES ANGELS Full Movie |1080pHD| free download,2020-02-16T16:59:59.000Z
